,Strategy,Symbol,Date,option,Qty,ExpiryDt,Strike,EnTime,BPrice,ExTime,SPrice
0,EMA_15_CE_strategy,NIFTY,2022-01-03,CE,50,2022-01-06,17500,10:00:00,94.5,15:15:00,186.3
1,EMA_15_CE_strategy,NIFTY,2022-01-11,CE,50,2022-01-13,18000,10:30:00,108.8,14:45:00,108.8
2,EMA_15_CE_strategy,NIFTY,2022-01-12,CE,50,2022-01-13,18200,14:30:00,52.7,15:15:00,68.1
3,EMA_15_CE_strategy,NIFTY,2022-01-13,CE,50,2022-01-13,18200,11:00:00,41.8,13:00:00,36.95
4,EMA_15_CE_strategy,NIFTY,2022-01-14,CE,50,2022-01-20,18200,12:30:00,133.6,15:15:00,174.95
5,EMA_15_CE_strategy,NIFTY,2022-01-17,CE,50,2022-01-20,18300,14:00:00,108.7,15:15:00,113.35
6,EMA_15_CE_strategy,NIFTY,2022-01-19,CE,50,2022-01-20,18000,14:45:00,49.3,15:15:00,39.45
7,EMA_15_CE_strategy,NIFTY,2022-01-21,CE,50,2022-01-27,17700,12:15:00,131.15,13:30:00,112.1
8,EMA_15_CE_strategy,NIFTY,2022-01-25,CE,50,2022-01-27,17200,10:00:00,124.7,10:15:00,86.1
9,EMA_15_CE_strategy,NIFTY,2022-01-25,CE,50,2022-01-27,17100,12:30:00,132.35,12:45:00,122.35
10,EMA_15_CE_strategy,NIFTY,2022-01-25,CE,50,2022-01-27,17100,13:15:00,146.0,15:15:00,233.8
11,EMA_15_CE_strategy,NIFTY,2022-01-27,CE,50,2022-01-27,17000,13:15:00,48.8,15:15:00,112.05
12,EMA_15_CE_strategy,NIFTY,2022-01-31,CE,50,2022-02-03,17400,14:15:00,228.0,15:15:00,208.4
13,EMA_15_CE_strategy,NIFTY,2022-02-01,CE,50,2022-02-03,17500,14:00:00,152.5,15:15:00,169.85
14,EMA_15_CE_strategy,NIFTY,2022-02-04,CE,50,2022-02-10,17600,10:00:00,152.25,10:15:00,129.0
15,EMA_15_CE_strategy,NIFTY,2022-02-04,CE,50,2022-02-10,17600,11:30:00,139.85,11:45:00,127.45
16,EMA_15_CE_strategy,NIFTY,2022-02-04,CE,50,2022-02-10,17600,14:00:00,123.9,14:45:00,102.0
17,EMA_15_CE_strategy,NIFTY,2022-02-08,CE,50,2022-02-10,17200,09:45:00,142.3,10:00:00,127.4
18,EMA_15_CE_strategy,NIFTY,2022-02-08,CE,50,2022-02-10,17200,12:00:00,105.4,13:15:00,85.1
19,EMA_15_CE_strategy,NIFTY,2022-02-08,CE,50,2022-02-10,17200,13:45:00,109.25,14:15:00,90.65
20,EMA_15_CE_strategy,NIFTY,2022-02-08,CE,50,2022-02-10,17200,14:45:00,104.7,15:15:00,139.4
21,EMA_15_CE_strategy,NIFTY,2022-02-10,CE,50,2022-02-10,17500,10:15:00,51.2,15:15:00,106.9
22,EMA_15_CE_strategy,NIFTY,2022-02-11,CE,50,2022-02-17,17400,12:45:00,147.4,14:15:00,130.0
23,EMA_15_CE_strategy,NIFTY,2022-02-15,CE,50,2022-02-17,16900,11:00:00,146.15,15:15:00,476.4
24,EMA_15_CE_strategy,NIFTY,2022-02-16,CE,50,2022-02-17,17300,11:30:00,106.95,14:45:00,115.35
25,EMA_15_CE_strategy,NIFTY,2022-02-17,CE,50,2022-02-17,17400,11:00:00,37.7,11:45:00,22.4
26,EMA_15_CE_strategy,NIFTY,2022-02-18,CE,50,2022-02-24,17300,11:15:00,214.2,14:15:00,202.65
27,EMA_15_CE_strategy,NIFTY,2022-02-22,CE,50,2022-02-24,17000,14:00:00,131.8,15:15:00,187.8
28,EMA_15_CE_strategy,NIFTY,2022-02-23,CE,50,2022-02-24,17200,13:15:00,70.15,14:00:00,55.45
29,EMA_15_CE_strategy,NIFTY,2022-02-23,CE,50,2022-02-24,17200,15:00:00,57.75,15:15:00,30.0
30,EMA_15_CE_strategy,NIFTY,2022-02-25,CE,50,2022-03-03,16700,14:15:00,213.35,14:45:00,198.4
31,EMA_15_CE_strategy,NIFTY,2022-02-28,CE,50,2022-03-03,16600,11:00:00,217.8,15:15:00,345.65
32,EMA_15_CE_strategy,NIFTY,2022-03-04,CE,50,2022-03-10,16300,12:45:00,264.6,14:45:00,225.8
33,EMA_15_CE_strategy,NIFTY,2022-03-08,CE,50,2022-03-10,15900,10:15:00,201.85,10:45:00,168.85
34,EMA_15_CE_strategy,NIFTY,2022-03-08,CE,50,2022-03-10,15800,13:45:00,193.1,15:15:00,315.8
35,EMA_15_CE_strategy,NIFTY,2022-03-10,CE,50,2022-03-10,16700,13:30:00,28.2,13:45:00,12.1
36,EMA_15_CE_strategy,NIFTY,2022-03-10,CE,50,2022-03-10,16600,14:45:00,21.95,15:15:00,12.8
37,EMA_15_CE_strategy,NIFTY,2022-03-11,CE,50,2022-03-17,16600,11:00:00,248.15,13:15:00,225.7
38,EMA_15_CE_strategy,NIFTY,2022-03-11,CE,50,2022-03-17,16700,14:45:00,199.0,15:15:00,190.7
39,EMA_15_CE_strategy,NIFTY,2022-03-14,CE,50,2022-03-17,16700,10:00:00,191.9,15:15:00,310.2
40,EMA_15_CE_strategy,NIFTY,2022-03-15,CE,50,2022-03-17,16900,10:15:00,164.9,11:00:00,150.05
41,EMA_15_CE_strategy,NIFTY,2022-03-15,CE,50,2022-03-17,16900,12:00:00,166.85,12:45:00,124.85
42,EMA_15_CE_strategy,NIFTY,2022-03-16,CE,50,2022-03-17,16900,09:45:00,137.0,13:15:00,108.2
43,EMA_15_CE_strategy,NIFTY,2022-03-16,CE,50,2022-03-17,16900,13:30:00,128.35,15:15:00,180.45
44,EMA_15_CE_strategy,NIFTY,2022-03-22,CE,50,2022-03-24,17200,12:45:00,147.7,15:15:00,227.05
45,EMA_15_CE_strategy,NIFTY,2022-03-23,CE,50,2022-03-24,17300,14:30:00,95.15,15:15:00,79.35
46,EMA_15_CE_strategy,NIFTY,2022-03-24,CE,50,2022-03-24,17300,10:00:00,47.35,10:30:00,25.5
47,EMA_15_CE_strategy,NIFTY,2022-03-24,CE,50,2022-03-24,17300,11:15:00,46.95,12:00:00,21.3
48,EMA_15_CE_strategy,NIFTY,2022-03-25,CE,50,2022-03-31,17300,10:00:00,163.0,15:15:00,119.0
49,EMA_15_CE_strategy,NIFTY,2022-03-28,CE,50,2022-03-31,17100,12:30:00,161.05,15:15:00,236.35
50,EMA_15_CE_strategy,NIFTY,2022-03-29,CE,50,2022-03-31,17300,12:15:00,112.95,13:30:00,102.05
51,EMA_15_CE_strategy,NIFTY,2022-03-29,CE,50,2022-03-31,17300,14:15:00,110.5,15:15:00,127.8
52,EMA_15_CE_strategy,NIFTY,2022-03-30,CE,50,2022-03-31,17500,15:00:00,84.5,15:15:00,76.85
53,EMA_15_CE_strategy,NIFTY,2022-03-31,CE,50,2022-03-31,17500,12:45:00,34.85,13:30:00,21.95
54,EMA_15_CE_strategy,NIFTY,2022-04-01,CE,50,2022-04-07,17500,09:45:00,154.25,15:15:00,253.55
55,EMA_15_CE_strategy,NIFTY,2022-04-05,CE,50,2022-04-07,18100,13:00:00,70.9,14:00:00,71.6
56,EMA_15_CE_strategy,NIFTY,2022-04-06,CE,50,2022-04-07,18000,12:45:00,33.6,13:00:00,21.55
57,EMA_15_CE_strategy,NIFTY,2022-04-07,CE,50,2022-04-07,17800,12:00:00,13.55,13:30:00,3.5
58,EMA_15_CE_strategy,NIFTY,2022-04-08,CE,50,2022-04-13,17700,11:00:00,137.3,11:15:00,117.85
59,EMA_15_CE_strategy,NIFTY,2022-04-08,CE,50,2022-04-13,17800,12:00:00,101.55,15:15:00,131.75
60,EMA_15_CE_strategy,NIFTY,2022-04-11,CE,50,2022-04-13,17800,13:00:00,80.85,14:00:00,63.05
61,EMA_15_CE_strategy,NIFTY,2022-04-12,CE,50,2022-04-13,17600,14:15:00,44.55,15:15:00,30.4
62,EMA_15_CE_strategy,NIFTY,2022-04-18,CE,50,2022-04-21,17200,14:45:00,130.8,15:15:00,129.95
63,EMA_15_CE_strategy,NIFTY,2022-04-19,CE,50,2022-04-21,17300,13:30:00,65.35,14:45:00,52.1
64,EMA_15_CE_strategy,NIFTY,2022-04-20,CE,50,2022-04-21,17100,10:30:00,91.25,10:45:00,80.15
65,EMA_15_CE_strategy,NIFTY,2022-04-20,CE,50,2022-04-21,17100,12:15:00,83.05,14:00:00,71.4
66,EMA_15_CE_strategy,NIFTY,2022-04-20,CE,50,2022-04-21,17200,14:45:00,44.55,15:15:00,37.8
67,EMA_15_CE_strategy,NIFTY,2022-04-22,CE,50,2022-04-28,17300,12:45:00,148.6,15:15:00,89.0
68,EMA_15_CE_strategy,NIFTY,2022-04-26,CE,50,2022-04-28,17200,09:45:00,96.3,13:00:00,59.2
69,EMA_15_CE_strategy,NIFTY,2022-04-26,CE,50,2022-04-28,17100,13:30:00,117.25,15:15:00,166.9
70,EMA_15_CE_strategy,NIFTY,2022-04-27,CE,50,2022-04-28,17100,13:45:00,64.65,14:30:00,54.1
71,EMA_15_CE_strategy,NIFTY,2022-04-27,CE,50,2022-04-28,17100,14:45:00,73.0,15:15:00,52.85
72,EMA_15_CE_strategy,NIFTY,2022-04-28,CE,50,2022-04-28,17100,09:45:00,55.7,15:15:00,138.45
73,EMA_15_CE_strategy,NIFTY,2022-05-02,CE,50,2022-05-05,17100,15:00:00,120.0,15:15:00,113.1
74,EMA_15_CE_strategy,NIFTY,2022-05-05,CE,50,2022-05-05,16900,09:45:00,32.75,11:45:00,28.9
75,EMA_15_CE_strategy,NIFTY,2022-05-05,CE,50,2022-05-05,16900,12:45:00,22.45,13:15:00,6.55
76,EMA_15_CE_strategy,NIFTY,2022-05-06,CE,50,2022-05-12,16400,14:15:00,212.0,15:15:00,191.85
77,EMA_15_CE_strategy,NIFTY,2022-05-09,CE,50,2022-05-12,16300,14:45:00,178.0,15:15:00,152.15
78,EMA_15_CE_strategy,NIFTY,2022-05-10,CE,50,2022-05-12,16300,10:30:00,144.1,11:30:00,135.2
79,EMA_15_CE_strategy,NIFTY,2022-05-10,CE,50,2022-05-12,16300,11:45:00,147.1,13:30:00,143.85
80,EMA_15_CE_strategy,NIFTY,2022-05-10,CE,50,2022-05-12,16400,14:15:00,112.0,15:00:00,74.8
81,EMA_15_CE_strategy,NIFTY,2022-05-11,CE,50,2022-05-12,16100,14:00:00,110.2,15:15:00,126.95
82,EMA_15_CE_strategy,NIFTY,2022-05-13,CE,50,2022-05-19,16000,09:45:00,172.25,14:15:00,139.6
83,EMA_15_CE_strategy,NIFTY,2022-05-16,CE,50,2022-05-19,15900,09:45:00,180.35,11:00:00,163.2
84,EMA_15_CE_strategy,NIFTY,2022-05-16,CE,50,2022-05-19,15900,11:15:00,175.45,11:30:00,158.3
85,EMA_15_CE_strategy,NIFTY,2022-05-16,CE,50,2022-05-19,15900,13:45:00,143.8,15:00:00,125.0
86,EMA_15_CE_strategy,NIFTY,2022-05-17,CE,50,2022-05-19,16000,09:45:00,111.3,15:15:00,289.3
87,EMA_15_CE_strategy,NIFTY,2022-05-18,CE,50,2022-05-19,16300,13:45:00,101.75,14:15:00,55.0
88,EMA_15_CE_strategy,NIFTY,2022-05-20,CE,50,2022-05-26,16100,09:45:00,190.3,15:15:00,270.1
89,EMA_15_CE_strategy,NIFTY,2022-05-24,CE,50,2022-05-26,16200,11:45:00,134.05,12:15:00,114.7
90,EMA_15_CE_strategy,NIFTY,2022-05-25,CE,50,2022-05-26,16200,11:15:00,80.6,11:30:00,64.2
91,EMA_15_CE_strategy,NIFTY,2022-05-26,CE,50,2022-05-26,16000,13:00:00,29.95,15:15:00,162.65
92,EMA_15_CE_strategy,NIFTY,2022-05-27,CE,50,2022-06-02,16300,12:30:00,167.05,15:15:00,177.15
93,EMA_15_CE_strategy,NIFTY,2022-05-30,CE,50,2022-06-02,16600,15:00:00,161.3,15:15:00,153.55
94,EMA_15_CE_strategy,NIFTY,2022-05-31,CE,50,2022-06-02,16600,10:30:00,126.95,12:45:00,134.4
95,EMA_15_CE_strategy,NIFTY,2022-05-31,CE,50,2022-06-02,16700,13:45:00,91.55,15:15:00,46.45
96,EMA_15_CE_strategy,NIFTY,2022-06-01,CE,50,2022-06-02,16600,10:30:00,98.2,11:15:00,85.6
97,EMA_15_CE_strategy,NIFTY,2022-06-02,CE,50,2022-06-02,16500,10:15:00,67.85,11:00:00,55.45
98,EMA_15_CE_strategy,NIFTY,2022-06-02,CE,50,2022-06-02,16500,11:30:00,66.9,15:15:00,128.35
99,EMA_15_CE_strategy,NIFTY,2022-06-03,CE,50,2022-06-09,16700,14:15:00,162.7,14:30:00,133.2
100,EMA_15_CE_strategy,NIFTY,2022-06-06,CE,50,2022-06-09,16600,12:15:00,116.65,15:15:00,115.5
101,EMA_15_CE_strategy,NIFTY,2022-06-07,CE,50,2022-06-09,16400,14:30:00,126.2,15:15:00,122.1
102,EMA_15_CE_strategy,NIFTY,2022-06-08,CE,50,2022-06-09,16500,10:45:00,93.95,13:15:00,37.85
103,EMA_15_CE_strategy,NIFTY,2022-06-09,CE,50,2022-06-09,16400,10:30:00,26.15,11:30:00,14.65
104,EMA_15_CE_strategy,NIFTY,2022-06-09,CE,50,2022-06-09,16400,12:15:00,20.6,13:15:00,8.25
105,EMA_15_CE_strategy,NIFTY,2022-06-09,CE,50,2022-06-09,16400,14:00:00,10.6,15:15:00,71.65
106,EMA_15_CE_strategy,NIFTY,2022-06-15,CE,50,2022-06-16,15800,10:15:00,85.0,10:45:00,74.15
107,EMA_15_CE_strategy,NIFTY,2022-06-15,CE,50,2022-06-16,15700,11:45:00,123.25,14:15:00,128.6
108,EMA_15_CE_strategy,NIFTY,2022-06-16,CE,50,2022-06-16,15800,09:45:00,55.3,10:30:00,25.75
109,EMA_15_CE_strategy,NIFTY,2022-06-17,CE,50,2022-06-23,15300,13:30:00,205.8,14:30:00,179.75
110,EMA_15_CE_strategy,NIFTY,2022-06-17,CE,50,2022-06-23,15300,14:45:00,217.8,15:15:00,181.05
111,EMA_15_CE_strategy,NIFTY,2022-06-20,CE,50,2022-06-23,15300,11:30:00,161.05,13:15:00,165.2
112,EMA_15_CE_strategy,NIFTY,2022-06-23,CE,50,2022-06-23,15500,09:45:00,88.05,12:00:00,53.35
113,EMA_15_CE_strategy,NIFTY,2022-06-23,CE,50,2022-06-23,15500,13:45:00,64.95,15:15:00,58.8
114,EMA_15_CE_strategy,NIFTY,2022-06-24,CE,50,2022-06-30,15700,12:45:00,149.4,13:45:00,129.9
115,EMA_15_CE_strategy,NIFTY,2022-06-24,CE,50,2022-06-30,15700,14:00:00,152.7,15:15:00,163.55
116,EMA_15_CE_strategy,NIFTY,2022-06-28,CE,50,2022-06-30,15800,11:45:00,103.3,12:30:00,99.0
117,EMA_15_CE_strategy,NIFTY,2022-06-28,CE,50,2022-06-30,15800,12:45:00,131.9,13:15:00,87.35
118,EMA_15_CE_strategy,NIFTY,2022-06-29,CE,50,2022-06-30,15800,11:30:00,76.0,12:30:00,72.55
119,EMA_15_CE_strategy,NIFTY,2022-06-29,CE,50,2022-06-30,15800,12:45:00,83.4,15:15:00,70.85
120,EMA_15_CE_strategy,NIFTY,2022-06-30,CE,50,2022-06-30,15900,09:45:00,51.0,10:30:00,25.25
121,EMA_15_CE_strategy,NIFTY,2022-06-30,CE,50,2022-06-30,15800,13:15:00,47.1,14:45:00,16.05
122,EMA_15_CE_strategy,NIFTY,2022-07-01,CE,50,2022-07-07,15600,13:00:00,187.25,14:15:00,183.75
123,EMA_15_CE_strategy,NIFTY,2022-07-01,CE,50,2022-07-07,15700,14:45:00,162.6,15:15:00,183.2
124,EMA_15_CE_strategy,NIFTY,2022-07-04,CE,50,2022-07-07,15700,11:00:00,147.4,15:15:00,209.1
125,EMA_15_CE_strategy,NIFTY,2022-07-06,CE,50,2022-07-07,15900,10:00:00,63.25,11:45:00,50.9
126,EMA_15_CE_strategy,NIFTY,2022-07-06,CE,50,2022-07-07,15900,12:15:00,60.3,14:15:00,72.5
127,EMA_15_CE_strategy,NIFTY,2022-07-06,CE,50,2022-07-07,16000,15:00:00,59.85,15:15:00,69.35
128,EMA_15_CE_strategy,NIFTY,2022-07-08,CE,50,2022-07-14,16200,15:00:00,129.0,15:15:00,147.0
129,EMA_15_CE_strategy,NIFTY,2022-07-11,CE,50,2022-07-14,16200,13:15:00,89.55,15:15:00,112.85
130,EMA_15_CE_strategy,NIFTY,2022-07-12,CE,50,2022-07-14,16100,14:15:00,109.85,15:00:00,82.9
131,EMA_15_CE_strategy,NIFTY,2022-07-13,CE,50,2022-07-14,16100,09:45:00,92.3,10:30:00,77.2
132,EMA_15_CE_strategy,NIFTY,2022-07-13,CE,50,2022-07-14,16100,11:30:00,75.5,15:15:00,28.25
133,EMA_15_CE_strategy,NIFTY,2022-07-14,CE,50,2022-07-14,16000,09:45:00,70.8,11:15:00,40.4
134,EMA_15_CE_strategy,NIFTY,2022-07-15,CE,50,2022-07-21,16000,13:00:00,113.65,13:45:00,103.2
135,EMA_15_CE_strategy,NIFTY,2022-07-15,CE,50,2022-07-21,16000,14:00:00,113.4,15:15:00,157.8
136,EMA_15_CE_strategy,NIFTY,2022-07-19,CE,50,2022-07-21,16300,12:15:00,88.45,13:15:00,67.15
137,EMA_15_CE_strategy,NIFTY,2022-07-19,CE,50,2022-07-21,16300,13:45:00,83.5,15:15:00,101.45
138,EMA_15_CE_strategy,NIFTY,2022-07-25,CE,50,2022-07-28,16600,14:00:00,115.9,15:15:00,123.75
139,EMA_15_CE_strategy,NIFTY,2022-07-27,CE,50,2022-07-28,16500,10:15:00,99.85,15:15:00,191.4
140,EMA_15_CE_strategy,NIFTY,2022-08-02,CE,50,2022-08-04,17300,11:45:00,104.0,12:45:00,66.7
141,EMA_15_CE_strategy,NIFTY,2022-08-02,CE,50,2022-08-04,17300,13:45:00,91.2,15:15:00,125.05
142,EMA_15_CE_strategy,NIFTY,2022-08-03,CE,50,2022-08-04,17300,13:00:00,78.65,13:45:00,61.85
143,EMA_15_CE_strategy,NIFTY,2022-08-04,CE,50,2022-08-04,17300,14:45:00,37.8,15:15:00,86.4
144,EMA_15_CE_strategy,NIFTY,2022-08-05,CE,50,2022-08-11,17400,13:45:00,159.15,15:15:00,136.2
145,EMA_15_CE_strategy,NIFTY,2022-08-08,CE,50,2022-08-11,17500,09:45:00,94.45,14:45:00,109.65
146,EMA_15_CE_strategy,NIFTY,2022-08-08,CE,50,2022-08-11,17500,15:00:00,120.95,15:15:00,122.1
147,EMA_15_CE_strategy,NIFTY,2022-08-10,CE,50,2022-08-11,17500,10:30:00,104.4,11:15:00,91.45
148,EMA_15_CE_strategy,NIFTY,2022-08-10,CE,50,2022-08-11,17500,14:00:00,86.55,15:15:00,101.2
149,EMA_15_CE_strategy,NIFTY,2022-08-11,CE,50,2022-08-11,17700,14:30:00,10.45,15:15:00,0.15
150,EMA_15_CE_strategy,NIFTY,2022-08-12,CE,50,2022-08-18,17700,10:00:00,96.6,10:45:00,93.3
151,EMA_15_CE_strategy,NIFTY,2022-08-12,CE,50,2022-08-18,17700,11:00:00,103.0,14:30:00,106.3
152,EMA_15_CE_strategy,NIFTY,2022-08-16,CE,50,2022-08-18,17800,09:45:00,94.2,13:15:00,74.3
153,EMA_15_CE_strategy,NIFTY,2022-08-16,CE,50,2022-08-18,17800,13:45:00,78.6,15:15:00,94.65
154,EMA_15_CE_strategy,NIFTY,2022-08-18,CE,50,2022-08-18,18000,10:00:00,21.05,10:30:00,9.1
155,EMA_15_CE_strategy,NIFTY,2022-08-18,CE,50,2022-08-18,17900,13:15:00,23.5,13:45:00,16.35
156,EMA_15_CE_strategy,NIFTY,2022-08-18,CE,50,2022-08-18,17900,14:15:00,30.0,15:15:00,57.9
157,EMA_15_CE_strategy,NIFTY,2022-08-23,CE,50,2022-08-25,17500,09:45:00,124.0,10:15:00,110.05
158,EMA_15_CE_strategy,NIFTY,2022-08-23,CE,50,2022-08-25,17500,12:45:00,89.1,15:15:00,128.4
159,EMA_15_CE_strategy,NIFTY,2022-08-24,CE,50,2022-08-25,17600,10:15:00,63.75,12:00:00,53.8
160,EMA_15_CE_strategy,NIFTY,2022-08-24,CE,50,2022-08-25,17600,12:30:00,63.6,13:00:00,42.7
161,EMA_15_CE_strategy,NIFTY,2022-08-24,CE,50,2022-08-25,17600,14:15:00,50.75,15:15:00,74.55
162,EMA_15_CE_strategy,NIFTY,2022-08-25,CE,50,2022-08-25,17700,11:45:00,26.45,14:30:00,13.1
163,EMA_15_CE_strategy,NIFTY,2022-08-26,CE,50,2022-09-01,17700,09:45:00,113.95,11:15:00,94.75
164,EMA_15_CE_strategy,NIFTY,2022-08-26,CE,50,2022-09-01,17700,11:30:00,102.2,13:15:00,91.0
165,EMA_15_CE_strategy,NIFTY,2022-08-26,CE,50,2022-09-01,17700,14:15:00,94.4,15:15:00,90.35
166,EMA_15_CE_strategy,NIFTY,2022-08-29,CE,50,2022-09-01,17400,14:00:00,96.0,14:15:00,94.05
167,EMA_15_CE_strategy,NIFTY,2022-08-30,CE,50,2022-09-01,17500,09:45:00,63.0,15:15:00,293.05
168,EMA_15_CE_strategy,NIFTY,2022-09-01,CE,50,2022-09-01,17700,10:30:00,52.1,10:45:00,36.9
169,EMA_15_CE_strategy,NIFTY,2022-09-02,CE,50,2022-09-08,17600,12:15:00,141.0,14:45:00,132.6
170,EMA_15_CE_strategy,NIFTY,2022-09-05,CE,50,2022-09-08,17700,09:45:00,111.45,13:45:00,95.25
171,EMA_15_CE_strategy,NIFTY,2022-09-05,CE,50,2022-09-08,17700,14:00:00,110.65,15:15:00,116.7
172,EMA_15_CE_strategy,NIFTY,2022-09-06,CE,50,2022-09-08,17700,11:15:00,98.6,14:45:00,74.15
173,EMA_15_CE_strategy,NIFTY,2022-09-07,CE,50,2022-09-08,17600,12:00:00,92.65,14:45:00,81.9
174,EMA_15_CE_strategy,NIFTY,2022-09-09,CE,50,2022-09-15,17900,12:45:00,120.3,13:15:00,109.4
175,EMA_15_CE_strategy,NIFTY,2022-09-09,CE,50,2022-09-15,17900,14:00:00,117.55,15:15:00,110.75
176,EMA_15_CE_strategy,NIFTY,2022-09-12,CE,50,2022-09-15,18000,09:45:00,90.9,14:45:00,96.15
177,EMA_15_CE_strategy,NIFTY,2022-09-12,CE,50,2022-09-15,18000,15:00:00,102.15,15:15:00,89.65
178,EMA_15_CE_strategy,NIFTY,2022-09-13,CE,50,2022-09-15,18100,09:45:00,81.6,15:15:00,83.85
179,EMA_15_CE_strategy,NIFTY,2022-09-14,CE,50,2022-09-15,18000,12:00:00,75.65,15:15:00,72.95
180,EMA_15_CE_strategy,NIFTY,2022-09-15,CE,50,2022-09-15,17900,14:30:00,44.7,15:00:00,25.6
181,EMA_15_CE_strategy,NIFTY,2022-09-19,CE,50,2022-09-22,17600,10:00:00,162.9,11:45:00,146.6
182,EMA_15_CE_strategy,NIFTY,2022-09-19,CE,50,2022-09-22,17600,12:15:00,162.9,13:00:00,153.85
183,EMA_15_CE_strategy,NIFTY,2022-09-20,CE,50,2022-09-22,17800,09:45:00,133.35,14:45:00,146.85
184,EMA_15_CE_strategy,NIFTY,2022-09-21,CE,50,2022-09-22,17800,14:00:00,87.05,14:45:00,84.4
185,EMA_15_CE_strategy,NIFTY,2022-09-22,CE,50,2022-09-22,17600,13:15:00,36.55,15:15:00,29.95
186,EMA_15_CE_strategy,NIFTY,2022-09-26,CE,50,2022-09-29,17100,12:45:00,175.0,13:30:00,142.3
187,EMA_15_CE_strategy,NIFTY,2022-09-26,CE,50,2022-09-29,17100,14:30:00,163.5,15:15:00,113.35
188,EMA_15_CE_strategy,NIFTY,2022-09-27,CE,50,2022-09-29,17100,12:00:00,106.4,12:30:00,96.2
189,EMA_15_CE_strategy,NIFTY,2022-09-27,CE,50,2022-09-29,17100,13:00:00,127.15,14:15:00,93.85
190,EMA_15_CE_strategy,NIFTY,2022-09-28,CE,50,2022-09-29,17000,11:30:00,77.6,12:30:00,78.25
191,EMA_15_CE_strategy,NIFTY,2022-09-28,CE,50,2022-09-29,17000,13:30:00,86.0,13:45:00,61.15
192,EMA_15_CE_strategy,NIFTY,2022-09-29,CE,50,2022-09-29,17000,09:45:00,55.2,10:45:00,29.35
193,EMA_15_CE_strategy,NIFTY,2022-09-29,CE,50,2022-09-29,17000,11:00:00,35.9,11:15:00,20.9
194,EMA_15_CE_strategy,NIFTY,2022-09-29,CE,50,2022-09-29,16900,14:45:00,10.2,15:15:00,0.2
195,EMA_15_CE_strategy,NIFTY,2022-09-30,CE,50,2022-10-06,16900,10:15:00,140.7,15:15:00,252.85
196,EMA_15_CE_strategy,NIFTY,2022-10-03,CE,50,2022-10-06,17000,11:30:00,153.45,12:15:00,137.1
197,EMA_15_CE_strategy,NIFTY,2022-10-04,CE,50,2022-10-06,17200,09:45:00,95.85,15:15:00,128.9
198,EMA_15_CE_strategy,NIFTY,2022-10-07,CE,50,2022-10-13,17300,13:45:00,129.55,15:15:00,147.8
199,EMA_15_CE_strategy,NIFTY,2022-10-10,CE,50,2022-10-13,17200,11:45:00,107.1,13:30:00,117.8
200,EMA_15_CE_strategy,NIFTY,2022-10-10,CE,50,2022-10-13,17200,15:00:00,126.95,15:15:00,148.1
201,EMA_15_CE_strategy,NIFTY,2022-10-11,CE,50,2022-10-13,17200,11:45:00,100.8,12:30:00,80.65
202,EMA_15_CE_strategy,NIFTY,2022-10-12,CE,50,2022-10-13,17000,11:45:00,117.9,13:00:00,120.8
203,EMA_15_CE_strategy,NIFTY,2022-10-12,CE,50,2022-10-13,17100,14:00:00,78.5,15:15:00,98.45
204,EMA_15_CE_strategy,NIFTY,2022-10-13,CE,50,2022-10-13,17000,14:15:00,39.15,15:15:00,11.9
205,EMA_15_CE_strategy,NIFTY,2022-10-17,CE,50,2022-10-20,17200,10:15:00,140.0,15:15:00,172.4
206,EMA_15_CE_strategy,NIFTY,2022-10-18,CE,50,2022-10-20,17500,15:00:00,76.35,15:15:00,84.5
207,EMA_15_CE_strategy,NIFTY,2022-10-19,CE,50,2022-10-20,17500,14:15:00,87.8,14:45:00,75.75
208,EMA_15_CE_strategy,NIFTY,2022-10-20,CE,50,2022-10-20,17500,10:45:00,41.3,11:15:00,26.25
209,EMA_15_CE_strategy,NIFTY,2022-10-20,CE,50,2022-10-20,17500,12:30:00,29.8,13:45:00,14.7
210,EMA_15_CE_strategy,NIFTY,2022-10-20,CE,50,2022-10-20,17500,14:15:00,20.55,15:15:00,57.75
211,EMA_15_CE_strategy,NIFTY,2022-10-25,CE,50,2022-10-27,17800,09:45:00,49.2,11:00:00,30.4
212,EMA_15_CE_strategy,NIFTY,2022-10-25,CE,50,2022-10-27,17700,12:00:00,68.3,12:30:00,64.65
213,EMA_15_CE_strategy,NIFTY,2022-10-25,CE,50,2022-10-27,17700,13:30:00,62.3,14:30:00,59.35
214,EMA_15_CE_strategy,NIFTY,2022-10-25,CE,50,2022-10-27,17700,14:45:00,69.75,15:15:00,49.9
215,EMA_15_CE_strategy,NIFTY,2022-10-27,CE,50,2022-10-27,17800,09:45:00,29.4,11:45:00,7.2
216,EMA_15_CE_strategy,NIFTY,2022-10-27,CE,50,2022-10-27,17700,14:15:00,25.35,14:30:00,11.5
217,EMA_15_CE_strategy,NIFTY,2022-10-28,CE,50,2022-11-03,17800,12:45:00,115.9,13:00:00,104.2
218,EMA_15_CE_strategy,NIFTY,2022-10-28,CE,50,2022-11-03,17800,13:45:00,113.35,14:00:00,99.75
219,EMA_15_CE_strategy,NIFTY,2022-10-28,CE,50,2022-11-03,17800,14:30:00,110.25,15:15:00,123.8
220,EMA_15_CE_strategy,NIFTY,2022-11-04,CE,50,2022-11-10,18100,11:15:00,101.5,15:15:00,141.1
221,EMA_15_CE_strategy,NIFTY,2022-11-07,CE,50,2022-11-10,18200,11:15:00,72.9,12:45:00,65.3
222,EMA_15_CE_strategy,NIFTY,2022-11-07,CE,50,2022-11-10,18200,14:00:00,66.85,15:15:00,90.4
223,EMA_15_CE_strategy,NIFTY,2022-11-09,CE,50,2022-11-10,18300,12:00:00,31.75,12:15:00,25.85
224,EMA_15_CE_strategy,NIFTY,2022-11-09,CE,50,2022-11-10,18300,12:45:00,32.65,13:30:00,28.05
225,EMA_15_CE_strategy,NIFTY,2022-11-09,CE,50,2022-11-10,18300,13:45:00,28.85,14:45:00,15.05
226,EMA_15_CE_strategy,NIFTY,2022-11-14,CE,50,2022-11-17,18400,12:30:00,70.25,12:45:00,68.15
227,EMA_15_CE_strategy,NIFTY,2022-11-14,CE,50,2022-11-17,18400,13:15:00,72.0,14:45:00,66.75
228,EMA_15_CE_strategy,NIFTY,2022-11-15,CE,50,2022-11-17,18400,12:30:00,47.8,14:00:00,43.45
229,EMA_15_CE_strategy,NIFTY,2022-11-15,CE,50,2022-11-17,18400,14:30:00,46.55,15:15:00,81.45
230,EMA_15_CE_strategy,NIFTY,2022-11-16,CE,50,2022-11-17,18400,10:15:00,63.6,14:15:00,50.8
231,EMA_15_CE_strategy,NIFTY,2022-11-17,CE,50,2022-11-17,18400,12:30:00,18.6,14:30:00,9.2
232,EMA_15_CE_strategy,NIFTY,2022-11-18,CE,50,2022-11-24,18300,13:30:00,117.95,13:45:00,96.9
233,EMA_15_CE_strategy,NIFTY,2022-11-18,CE,50,2022-11-24,18300,14:30:00,111.5,15:15:00,145.05
234,EMA_15_CE_strategy,NIFTY,2022-11-21,CE,50,2022-11-24,18200,15:00:00,86.7,15:15:00,86.4
235,EMA_15_CE_strategy,NIFTY,2022-11-22,CE,50,2022-11-24,18200,13:30:00,92.1,14:45:00,87.7
236,EMA_15_CE_strategy,NIFTY,2022-11-22,CE,50,2022-11-24,18300,15:00:00,44.8,15:15:00,53.55
237,EMA_15_CE_strategy,NIFTY,2022-11-24,CE,50,2022-11-24,18300,09:45:00,57.15,15:15:00,167.15
238,EMA_15_CE_strategy,NIFTY,2022-11-29,CE,50,2022-12-01,18700,09:45:00,39.35,14:30:00,38.7
239,EMA_15_CE_strategy,NIFTY,2022-12-02,CE,50,2022-12-08,18800,14:30:00,75.7,14:45:00,67.55
240,EMA_15_CE_strategy,NIFTY,2022-12-05,CE,50,2022-12-08,18800,11:45:00,44.3,13:30:00,48.1
241,EMA_15_CE_strategy,NIFTY,2022-12-05,CE,50,2022-12-08,18800,14:30:00,50.85,15:15:00,65.6
242,EMA_15_CE_strategy,NIFTY,2022-12-06,CE,50,2022-12-08,18700,13:45:00,66.15,14:00:00,56.4
243,EMA_15_CE_strategy,NIFTY,2022-12-07,CE,50,2022-12-08,18800,10:00:00,24.95,10:45:00,16.55
244,EMA_15_CE_strategy,NIFTY,2022-12-07,CE,50,2022-12-08,18700,14:45:00,26.8,15:15:00,20.55
245,EMA_15_CE_strategy,NIFTY,2022-12-12,CE,50,2022-12-15,18600,10:15:00,57.35,13:00:00,55.1
246,EMA_15_CE_strategy,NIFTY,2022-12-14,CE,50,2022-12-15,18800,15:00:00,17.35,15:15:00,14.4
247,EMA_15_CE_strategy,NIFTY,2022-12-16,CE,50,2022-12-22,18400,12:30:00,104.1,13:30:00,95.4
248,EMA_15_CE_strategy,NIFTY,2022-12-19,CE,50,2022-12-22,18400,10:00:00,66.0,13:15:00,71.25
249,EMA_15_CE_strategy,NIFTY,2022-12-19,CE,50,2022-12-22,18400,13:30:00,79.75,15:15:00,109.75
250,EMA_15_CE_strategy,NIFTY,2022-12-20,CE,50,2022-12-22,18300,12:30:00,69.3,13:00:00,65.8
251,EMA_15_CE_strategy,NIFTY,2022-12-20,CE,50,2022-12-22,18300,13:45:00,71.45,15:15:00,138.3
252,EMA_15_CE_strategy,NIFTY,2022-12-21,CE,50,2022-12-22,18400,11:15:00,61.2,12:15:00,44.4
253,EMA_15_CE_strategy,NIFTY,2022-12-22,CE,50,2022-12-22,18200,13:45:00,13.95,14:45:00,1.7
254,EMA_15_CE_strategy,NIFTY,2022-12-26,CE,50,2022-12-29,18000,09:45:00,102.15,15:15:00,103.6
255,EMA_15_CE_strategy,NIFTY,2022-12-27,CE,50,2022-12-29,18000,10:30:00,117.3,13:00:00,104.6
256,EMA_15_CE_strategy,NIFTY,2022-12-27,CE,50,2022-12-29,18100,13:15:00,64.35,15:15:00,93.45
257,EMA_15_CE_strategy,NIFTY,2022-12-28,CE,50,2022-12-29,18100,13:45:00,85.6,15:00:00,65.8
258,EMA_15_CE_strategy,NIFTY,2022-12-29,CE,50,2022-12-29,18100,13:15:00,10.7,15:15:00,88.85
259,EMA_15_CE_strategy,NIFTY,2022-12-30,CE,50,2023-01-05,18300,15:00:00,69.85,15:15:00,47.6
